[{"model": "admin.logentry", "pk": 1, "fields": {"action_time": "2023-03-13T12:43:24.239Z", "user": 1, "content_type": 6, "object_id": "1", "object_repr": "movie", "action_flag": 1, "change_message": "[{\"added\": {}}]"}}, {"model": "admin.logentry", "pk": 2, "fields": {"action_time": "2023-03-13T12:43:51.909Z", "user": 1, "content_type": 8, "object_id": "1", "object_repr": "drama", "action_flag": 1, "change_message": "[{\"added\": {}}]"}}, {"model": "auth.permission", "pk": 1, "fields": {"name": "Can add log entry", "content_type": 1, "codename": "add_logentry"}}, {"model": "auth.permission", "pk": 2, "fields": {"name": "Can change log entry", "content_type": 1, "codename": "change_logentry"}}, {"model": "auth.permission", "pk": 3, "fields": {"name": "Can delete log entry", "content_type": 1, "codename": "delete_logentry"}}, {"model": "auth.permission", "pk": 4, "fields": {"name": "Can view log entry", "content_type": 1, "codename": "view_logentry"}}, {"model": "auth.permission", "pk": 5, "fields": {"name": "Can add permission", "content_type": 2, "codename": "add_permission"}}, {"model": "auth.permission", "pk": 6, "fields": {"name": "Can change permission", "content_type": 2, "codename": "change_permission"}}, {"model": "auth.permission", "pk": 7, "fields": {"name": "Can delete permission", "content_type": 2, "codename": "delete_permission"}}, {"model": "auth.permission", "pk": 8, "fields": {"name": "Can view permission", "content_type": 2, "codename": "view_permission"}}, {"model": "auth.permission", "pk": 9, "fields": {"name": "Can add group", "content_type": 3, "codename": "add_group"}}, {"model": "auth.permission", "pk": 10, "fields": {"name": "Can change group", "content_type": 3, "codename": "change_group"}}, {"model": "auth.permission", "pk": 11, "fields": {"name": "Can delete group", "content_type": 3, "codename": "delete_group"}}, {"model": "auth.permission", "pk": 12, "fields": {"name": "Can view group", "content_type": 3, "codename": "view_group"}}, {"model": "auth.permission", "pk": 13, "fields": {"name": "Can add content type", "content_type": 4, "codename": "add_contenttype"}}, {"model": "auth.permission", "pk": 14, "fields": {"name": "Can change content type", "content_type": 4, "codename": "change_contenttype"}}, {"model": "auth.permission", "pk": 15, "fields": {"name": "Can delete content type", "content_type": 4, "codename": "delete_contenttype"}}, {"model": "auth.permission", "pk": 16, "fields": {"name": "Can view content type", "content_type": 4, "codename": "view_contenttype"}}, {"model": "auth.permission", "pk": 17, "fields": {"name": "Can add session", "content_type": 5, "codename": "add_session"}}, {"model": "auth.permission", "pk": 18, "fields": {"name": "Can change session", "content_type": 5, "codename": "change_session"}}, {"model": "auth.permission", "pk": 19, "fields": {"name": "Can delete session", "content_type": 5, "codename": "delete_session"}}, {"model": "auth.permission", "pk": 20, "fields": {"name": "Can view session", "content_type": 5, "codename": "view_session"}}, {"model": "auth.permission", "pk": 21, "fields": {"name": "Can add category", "content_type": 6, "codename": "add_category"}}, {"model": "auth.permission", "pk": 22, "fields": {"name": "Can change category", "content_type": 6, "codename": "change_category"}}, {"model": "auth.permission", "pk": 23, "fields": {"name": "Can delete category", "content_type": 6, "codename": "delete_category"}}, {"model": "auth.permission", "pk": 24, "fields": {"name": "Can view category", "content_type": 6, "codename": "view_category"}}, {"model": "auth.permission", "pk": 25, "fields": {"name": "Can add comment", "content_type": 7, "codename": "add_comment"}}, {"model": "auth.permission", "pk": 26, "fields": {"name": "Can change comment", "content_type": 7, "codename": "change_comment"}}, {"model": "auth.permission", "pk": 27, "fields": {"name": "Can delete comment", "content_type": 7, "codename": "delete_comment"}}, {"model": "auth.permission", "pk": 28, "fields": {"name": "Can view comment", "content_type": 7, "codename": "view_comment"}}, {"model": "auth.permission", "pk": 29, "fields": {"name": "Can add genre", "content_type": 8, "codename": "add_genre"}}, {"model": "auth.permission", "pk": 30, "fields": {"name": "Can change genre", "content_type": 8, "codename": "change_genre"}}, {"model": "auth.permission", "pk": 31, "fields": {"name": "Can delete genre", "content_type": 8, "codename": "delete_genre"}}, {"model": "auth.permission", "pk": 32, "fields": {"name": "Can view genre", "content_type": 8, "codename": "view_genre"}}, {"model": "auth.permission", "pk": 33, "fields": {"name": "Can add review", "content_type": 9, "codename": "add_review"}}, {"model": "auth.permission", "pk": 34, "fields": {"name": "Can change review", "content_type": 9, "codename": "change_review"}}, {"model": "auth.permission", "pk": 35, "fields": {"name": "Can delete review", "content_type": 9, "codename": "delete_review"}}, {"model": "auth.permission", "pk": 36, "fields": {"name": "Can view review", "content_type": 9, "codename": "view_review"}}, {"model": "auth.permission", "pk": 37, "fields": {"name": "Can add title", "content_type": 10, "codename": "add_title"}}, {"model": "auth.permission", "pk": 38, "fields": {"name": "Can change title", "content_type": 10, "codename": "change_title"}}, {"model": "auth.permission", "pk": 39, "fields": {"name": "Can delete title", "content_type": 10, "codename": "delete_title"}}, {"model": "auth.permission", "pk": 40, "fields": {"name": "Can view title", "content_type": 10, "codename": "view_title"}}, {"model": "auth.permission", "pk": 41, "fields": {"name": "Can add user", "content_type": 11, "codename": "add_customuser"}}, {"model": "auth.permission", "pk": 42, "fields": {"name": "Can change user", "content_type": 11, "codename": "change_customuser"}}, {"model": "auth.permission", "pk": 43, "fields": {"name": "Can delete user", "content_type": 11, "codename": "delete_customuser"}}, {"model": "auth.permission", "pk": 44, "fields": {"name": "Can view user", "content_type": 11, "codename": "view_customuser"}}, {"model": "contenttypes.contenttype", "pk": 1, "fields": {"app_label": "admin", "model": "logentry"}}, {"model": "contenttypes.contenttype", "pk": 2, "fields": {"app_label": "auth", "model": "permission"}}, {"model": "contenttypes.contenttype", "pk": 3, "fields": {"app_label": "auth", "model": "group"}}, {"model": "contenttypes.contenttype", "pk": 4, "fields": {"app_label": "contenttypes", "model": "contenttype"}}, {"model": "contenttypes.contenttype", "pk": 5, "fields": {"app_label": "sessions", "model": "session"}}, {"model": "contenttypes.contenttype", "pk": 6, "fields": {"app_label": "reviews", "model": "category"}}, {"model": "contenttypes.contenttype", "pk": 7, "fields": {"app_label": "reviews", "model": "comment"}}, {"model": "contenttypes.contenttype", "pk": 8, "fields": {"app_label": "reviews", "model": "genre"}}, {"model": "contenttypes.contenttype", "pk": 9, "fields": {"app_label": "reviews", "model": "review"}}, {"model": "contenttypes.contenttype", "pk": 10, "fields": {"app_label": "reviews", "model": "title"}}, {"model": "contenttypes.contenttype", "pk": 11, "fields": {"app_label": "users", "model": "customuser"}}, {"model": "sessions.session", "pk": "ome0o3qbmqr4p500ckec8vlismaq735f", "fields": {"session_data": ".eJxVjEsOAiEQBe_C2hCQX-vSvWcgDd3IqIFkmFkZ766TzEK3r6reS0RclxrXwXOcSJyFFoffLWF-cNsA3bHdusy9LfOU5KbInQ557cTPy-7-HVQc9Vtj8abQ0QMk8IGQUYEiBEQ0xboQsib22hWnbOJs0IaTNVkDlKI9k3h_AAIGOJo:1pbhVS:mjSgfhhU8JZ3Knt_G77wSj8VQrFopm1kyRZqBBFn9mw", "expire_date": "2023-03-27T12:42:26.125Z"}}, {"model": "reviews.category", "pk": 1, "fields": {"name": "Фильм", "slug": "movie"}}, {"model": "reviews.category", "pk": 2, "fields": {"name": "Книга", "slug": "book"}}, {"model": "reviews.category", "pk": 3, "fields": {"name": "Музыка", "slug": "music"}}, {"model": "reviews.genre", "pk": 1, "fields": {"name": "Драма", "slug": "drama"}}, {"model": "reviews.genre", "pk": 2, "fields": {"name": "Комедия", "slug": "comedy"}}, {"model": "reviews.genre", "pk": 3, "fields": {"name": "Вестерн", "slug": "western"}}, {"model": "reviews.genre", "pk": 4, "fields": {"name": "Фэнтези", "slug": "fantasy"}}, {"model": "reviews.genre", "pk": 5, "fields": {"name": "Фантастика", "slug": "sci-fi"}}, {"model": "reviews.genre", "pk": 6, "fields": {"name": "Детектив", "slug": "detective"}}, {"model": "reviews.genre", "pk": 7, "fields": {"name": "Триллер", "slug": "thriller"}}, {"model": "reviews.genre", "pk": 8, "fields": {"name": "Сказка", "slug": "tale"}}, {"model": "reviews.genre", "pk": 9, "fields": {"name": "Гонзо", "slug": "gonzo"}}, {"model": "reviews.genre", "pk": 10, "fields": {"name": "Роман", "slug": "roman"}}, {"model": "reviews.genre", "pk": 11, "fields": {"name": "Баллада", "slug": "ballad"}}, {"model": "reviews.genre", "pk": 12, "fields": {"name": "Rock-n-roll", "slug": "rock-n-roll"}}, {"model": "reviews.genre", "pk": 13, "fields": {"name": "Классика", "slug": "classical"}}, {"model": "reviews.genre", "pk": 14, "fields": {"name": "Рок", "slug": "rock"}}, {"model": "reviews.genre", "pk": 15, "fields": {"name": "Шансон", "slug": "chanson"}}, {"model": "reviews.title", "pk": 1, "fields": {"name": "Побег из Шоушенка", "year": 1994, "category": 1, "description": null, "genre": [1]}}, {"model": "reviews.title", "pk": 2, "fields": {"name": "Крестный отец", "year": 1972, "category": 1, "description": null, "genre": [1]}}, {"model": "reviews.title", "pk": 3, "fields": {"name": "12 разгневанных мужчин", "year": 1957, "category": 1, "description": null, "genre": [1]}}, {"model": "reviews.title", "pk": 4, "fields": {"name": "Список Шиндлера", "year": 1993, "category": 1, "description": null, "genre": [1]}}, {"model": "reviews.title", "pk": 5, "fields": {"name": "Криминальное чтиво", "year": 1994, "category": 1, "description": null, "genre": [2, 6, 7]}}, {"model": "reviews.title", "pk": 6, "fields": {"name": "Хороший, плохой, злой", "year": 1966, "category": 1, "description": null, "genre": [3]}}, {"model": "reviews.title", "pk": 7, "fields": {"name": "Властелин колец: Братство кольца", "year": 2001, "category": 1, "description": null, "genre": [4]}}, {"model": "reviews.title", "pk": 8, "fields": {"name": "Бойцовский клуб", "year": 1999, "category": 1, "description": null, "genre": [7]}}, {"model": "reviews.title", "pk": 9, "fields": {"name": "Форрест Гамп", "year": 1994, "category": 1, "description": null, "genre": [2, 1]}}, {"model": "reviews.title", "pk": 10, "fields": {"name": "Звёздные войны. Эпизод 5: Империя наносит ответный удар", "year": 1980, "category": 1, "description": null, "genre": [4]}}, {"model": "reviews.title", "pk": 11, "fields": {"name": "Властелин колец: Две крепости", "year": 2002, "category": 1, "description": null, "genre": [4]}}, {"model": "reviews.title", "pk": 12, "fields": {"name": "Матрица", "year": 1999, "category": 1, "description": null, "genre": [6, 1, 5, 8]}}, {"model": "reviews.title", "pk": 13, "fields": {"name": "Пролетая над гнездом кукушки", "year": 1975, "category": 1, "description": null, "genre": [1]}}, {"model": "reviews.title", "pk": 14, "fields": {"name": "Назад в будущее", "year": 1985, "category": 1, "description": null, "genre": [5]}}, {"model": "reviews.title", "pk": 15, "fields": {"name": "Операция «Ы» и другие приключения Шурика", "year": 1965, "category": 1, "description": null, "genre": [2, 6, 8]}}, {"model": "reviews.title", "pk": 16, "fields": {"name": "Карты, деньги, два ствола", "year": 1998, "category": 1, "description": null, "genre": [2]}}, {"model": "reviews.title", "pk": 17, "fields": {"name": "Джентльмены удачи ", "year": 1971, "category": 1, "description": null, "genre": [2]}}, {"model": "reviews.title", "pk": 18, "fields": {"name": "Джанго освобожденный", "year": 2012, "category": 1, "description": null, "genre": [1]}}, {"model": "reviews.title", "pk": 19, "fields": {"name": "Generation П", "year": 2011, "category": 1, "description": null, "genre": [1]}}, {"model": "reviews.title", "pk": 20, "fields": {"name": "Колобок", "year": 1873, "category": 2, "description": null, "genre": [8, 7]}}, {"model": "reviews.title", "pk": 21, "fields": {"name": "Страх и ненависть в Лас-Вегасе", "year": 1971, "category": 2, "description": null, "genre": [9]}}, {"model": "reviews.title", "pk": 22, "fields": {"name": "Война и мир", "year": 1865, "category": 2, "description": null, "genre": [10]}}, {"model": "reviews.title", "pk": 23, "fields": {"name": "Улисс", "year": 1918, "category": 2, "description": null, "genre": [10]}}, {"model": "reviews.title", "pk": 24, "fields": {"name": "Generation П", "year": 1999, "category": 2, "description": null, "genre": [10]}}, {"model": "reviews.title", "pk": 25, "fields": {"name": "Винни Пух и все-все-все", "year": 1926, "category": 2, "description": null, "genre": [8]}}, {"model": "reviews.title", "pk": 26, "fields": {"name": "Стас Михайлов - Позывные на любовь", "year": 2004, "category": 3, "description": null, "genre": [15]}}, {"model": "reviews.title", "pk": 27, "fields": {"name": "Led Zeppelin — Stairway to Heaven", "year": 1971, "category": 3, "description": null, "genre": [11, 14]}}, {"model": "reviews.title", "pk": 28, "fields": {"name": "Jethro Tull - Aqualung", "year": 1971, "category": 3, "description": null, "genre": [11]}}, {"model": "reviews.title", "pk": 29, "fields": {"name": "Elvis Presley - Blue Suede Shoes", "year": 1955, "category": 3, "description": null, "genre": [12]}}, {"model": "reviews.title", "pk": 30, "fields": {"name": "Deep Purple — Smoke on the Water", "year": 1971, "category": 3, "description": null, "genre": [14]}}, {"model": "reviews.title", "pk": 31, "fields": {"name": "Моцарт - Турецкий марш", "year": 1784, "category": 3, "description": null, "genre": [13]}}, {"model": "reviews.title", "pk": 32, "fields": {"name": "Бах. Оркестровая Сюита №2 си минор", "year": 1739, "category": 3, "description": null, "genre": [13]}}, {"model": "reviews.review", "pk": 1, "fields": {"text": "Ставлю десять звёзд!\n...Эти голоса были чище и светлее тех, о которых мечтали в этом сером, убогом месте. Как будто две птички влетели и своими голосами развеяли стены наших клеток, и на короткий миг каждый человек в Шоушенке почувствовал себя свободным.", "author": 100, "score": 10, "pub_date": "2023-03-13T12:54:35.733Z", "title": 1}}, {"model": "reviews.review", "pk": 2, "fields": {"text": "Не привыкай\n«Эти стены имеют одно свойство: сначала ты их ненавидишь, потом привыкаешь, а потом не можешь без них жить»", "author": 101, "score": 10, "pub_date": "2023-03-13T12:54:35.738Z", "title": 1}}, {"model": "reviews.review", "pk": 3, "fields": {"text": "Фильм, разобранный на цитаты, достоин высшей оценки. Десять с плюсом (жаль, тут плюса нет)\n\"Ты пришел и говоришь: \"Дон Корлеоне, мне нужна справедливость\". Но ты просишь без уважения, ты не предлагаешь дружбу, ты даже не назвал меня Крестным Отцом.\"", "author": 102, "score": 10, "pub_date": "2023-03-13T12:54:35.743Z", "title": 2}}, {"model": "reviews.review", "pk": 4, "fields": {"text": "Жестокий, жестокий, жестокий мир, не о таком мечтали мы в детстве!!111\n***Отец сделал ему предложение, от которого он не смог отказаться. Лука Брази держал пистолет у его виска, и отец предложил выбор: либо на контракте мозги, либо подпись.***", "author": 103, "score": 1, "pub_date": "2023-03-13T12:54:35.747Z", "title": 2}}, {"model": "reviews.review", "pk": 5, "fields": {"text": "Это мои соседи! Ставлю три звезды за то, что они дважды отдавили мне окном пальцы:\n----------------------\n— Вы живёте в плохом районе?\n— Не то слово. Однажды с нашей улицы угнали полицейскую машину с двумя полицейскими. В дом всё время лезут воры. Каждый раз, как я пытаюсь закрыть окно, прищемляю кому-нибудь пальцы.", "author": 104, "score": 3, "pub_date": "2023-03-13T12:54:35.752Z", "title": 2}}, {"model": "reviews.review", "pk": 6, "fields": {"text": "Всё, как в разных языках программирования! В основном — похоже, но вот эти маленькие различия выводят из себя. \nВеликий фильм на все случаи жизни!\n=====================================================\n— А знаешь, как в Париже называют четвертьфунтовый чизбургер?\n— Что, они не зовут его четвертьфунтовый чизбургер?\n— У них там метрическая система. Они вообще там не понимают, что за хрен четверть фунта.\n— И как они его зовут?\n— Они зовут его «Роял чизбургер».\n— «Роял чизбургер»? А как же тогда они зовут «Биг Мак»?\n— «Биг Мак» это «Биг Мак», только они называют его «Лё Биг Мак».", "author": 100, "score": 8, "pub_date": "2023-03-13T12:54:35.774Z", "title": 5}}, {"model": "reviews.review", "pk": 7, "fields": {"text": "Ничего не понятно. Они там что, страницы сценария перепутали? Его сперва убили, а потом он опять жив, а они сперва в футболках, потом в костюмах, а потом опять в футболках. Ерунда полная", "author": 101, "score": 1, "pub_date": "2023-03-13T12:54:35.779Z", "title": 5}}, {"model": "reviews.review", "pk": 8, "fields": {"text": "Очень поучительный фильм о том, что такое хорошо, что такое плохо и почему не надо читать в туалете.\nТвердая восьмёрка", "author": 102, "score": 8, "pub_date": "2023-03-13T12:54:35.783Z", "title": 5}}, {"model": "reviews.review", "pk": 9, "fields": {"text": "Посмотрел фильм. \n— На свете есть два типа людей: те, кто копает и те, у кого заряжен револьвер.\nПойду копать, как велел Клинт. \nДевять баллов.", "author": 103, "score": 9, "pub_date": "2023-03-13T12:54:35.788Z", "title": 6}}, {"model": "reviews.review", "pk": 10, "fields": {"text": "Вечная проблема всех злодеев, болтающих-болтающих-болтающих вместо того, чтобы просто застрелить противника, одним махом решена в этой сцене.\nЗа одно это фильм заслуживает высшего балла\n\"Пришел стрелять - стреляй, а не болтай!\"", "author": 104, "score": 10, "pub_date": "2023-03-13T12:54:35.792Z", "title": 6}}, {"model": "reviews.review", "pk": 12, "fields": {"text": "Недавно именно так я изобрёл вечный двигатель! Чистая правда в фильме, почему он назван \"фантастикой\", это же полнейший реализм!\nВот цитата. Но зачем ему часы в уборной?!\n— В тот день я изобрёл путешествие во времени! Как сейчас помню… Я стоял на унитазе и вешал часы. Вдруг подскользнулся, ударился головой о раковину", "author": 101, "score": 8, "pub_date": "2023-03-13T12:54:35.879Z", "title": 14}}, {"model": "reviews.review", "pk": 13, "fields": {"text": "Великий фильм, жаль только, что будущее, которое в нём показано, уже в прошлом. Но проблемы всё теже, вот как эта, например: «Док, послушай, всё, что нам нужно — это немного плутония!»\nВсегда не хватает какой-нибудь мелочи. Семёрка за то, что будущее оказалось не таким, как обещали.", "author": 102, "score": 7, "pub_date": "2023-03-13T12:54:35.883Z", "title": 14}}, {"model": "reviews.review", "pk": 14, "fields": {"text": "Будущее выглядит странно и неожиданно, тоже мне, бином Ньютона. Но диалог прекрасен, и за это не стану сильно минусовать.\n-- Then tell me, future boy, who's President of the United States in 1985?\n-- Ronald Reagan.\n-- Ronald Reagan? The actor? Then who's vice president? Jerry Lewis?", "author": 103, "score": 4, "pub_date": "2023-03-13T12:54:35.888Z", "title": 14}}, {"model": "reviews.review", "pk": 15, "fields": {"text": "Неужели из тюрьмы так легко было сбежать? Раз - и ты на свободе. Да, побег из Шоушенка пришлось готовить немного дольше. Пять за соцреализм", "author": 104, "score": 5, "pub_date": "2023-03-13T12:54:35.923Z", "title": 17}}, {"model": "reviews.review", "pk": 16, "fields": {"text": "Сходила в кино, решила написать: драйв и огонь, но иногда какой-то бред на экране. В середине фильма просто отличные диалоги! Пусть будет 7", "author": 100, "score": 7, "pub_date": "2023-03-13T12:54:35.757Z", "title": 3}}, {"model": "reviews.review", "pk": 17, "fields": {"text": "Смотрел, не отрываясь, хочу описать свои впечатления. По моему мнению, сценарий подкачал, зато подбор актёров - супер. Начало немного затянуто. Оператору - Оскара! Всё остальное - не очень. Фильм тянет на 8 из 10", "author": 101, "score": 8, "pub_date": "2023-03-13T12:54:35.761Z", "title": 3}}, {"model": "reviews.review", "pk": 18, "fields": {"text": "Скачал, посмотрел, думаю, что актёры так себе, сценарий хороший. Диалоги прекрасные, так что пусть будет восемь звезд", "author": 102, "score": 8, "pub_date": "2023-03-13T12:54:35.765Z", "title": 4}}, {"model": "reviews.review", "pk": 19, "fields": {"text": "Посмотрел. По моему мнению, актёры так себе, но сценарий хороший. Первую половину фильма можно спать, не опасаясь, что что-то пропустишь. Не раздумывая, ставлю уверенную десятку", "author": 103, "score": 10, "pub_date": "2023-03-13T12:54:35.770Z", "title": 4}}, {"model": "reviews.review", "pk": 20, "fields": {"text": "Скажу тем, кто ещё не смотрел: если бы я был режиссёром этого фильма - я бы не гордился. Оператора уволить, фильм получился так себе, но один раз посмотреть - сойдёт. Авторы честно заслужили 5 из 10", "author": 104, "score": 5, "pub_date": "2023-03-13T12:54:35.801Z", "title": 7}}, {"model": "reviews.review", "pk": 21, "fields": {"text": "Скачал, посмотрел, думаю, что сценарий подкачал, зато подбор актёров - супер. Начало немного затянуто, да и вообще не очень. Фильм едва тянет на 4", "author": 100, "score": 4, "pub_date": "2023-03-13T12:54:35.796Z", "title": 7}}, {"model": "reviews.review", "pk": 22, "fields": {"text": "Мне кажется, что я впустую потерял время. Ставлю 2", "author": 101, "score": 2, "pub_date": "2023-03-13T12:54:35.805Z", "title": 8}}, {"model": "reviews.review", "pk": 23, "fields": {"text": "Посмотрела. Актёры так себе, сценарий хороший. Уснула к середине. Не раздумывая, ставлю двойку ", "author": 102, "score": 2, "pub_date": "2023-03-13T12:54:35.810Z", "title": 8}}, {"model": "reviews.review", "pk": 24, "fields": {"text": "Все очень долго ждали премьеру фильма,и наконец дождались.Фильм отличный,добрый,смотрится почти на одном дыхании,с завязанным сюжетом и не менее крутой музыкой.Кино очень понравилось!!!Всем советую.", "author": 103, "score": 10, "pub_date": "2023-03-13T12:54:35.818Z", "title": 9}}, {"model": "reviews.review", "pk": 25, "fields": {"text": "Отстой-фильм. Не ходите", "author": 104, "score": 1, "pub_date": "2023-03-13T12:54:35.823Z", "title": 9}}, {"model": "reviews.review", "pk": 26, "fields": {"text": "Для людей, которые хотят посмеяться и получить море эмоций, тот самый фильм. Мне очень понравился.", "author": 100, "score": 10, "pub_date": "2023-03-13T12:54:35.814Z", "title": 9}}, {"model": "reviews.review", "pk": 27, "fields": {"text": "Первый раз в жизни решила написать отзыв,чтобы предостеречь от потери денег на билет и траты времени на просмотр. К игре актеров претензий нет", "author": 101, "score": 2, "pub_date": "2023-03-13T12:54:35.828Z", "title": 10}}, {"model": "reviews.review", "pk": 28, "fields": {"text": "2 часа смотрятся на одном дыхании. Спецэффекты на уровне фильмов Марвела. Смотрели всей семьей. Посмотрел несколько отзывов, понял , что фильм стоит посмотреть", "author": 102, "score": 10, "pub_date": "2023-03-13T12:54:35.834Z", "title": 10}}, {"model": "reviews.review", "pk": 29, "fields": {"text": "Действия персонажей вызывают постоянный вопросы - что и зачем они это делают. Логики просто нет. После половины фильма уже хочется уйти", "author": 103, "score": 1, "pub_date": "2023-03-13T12:54:35.844Z", "title": 11}}, {"model": "reviews.review", "pk": 30, "fields": {"text": "Лучший фильм, однозначно. Шедевр. Но следует понимать, что это не кино под пиво для молодежи. Стильно снято, на одном дыхании\nсмотрится, персонажи великолепны", "author": 104, "score": 10, "pub_date": "2023-03-13T12:54:35.848Z", "title": 11}}, {"model": "reviews.review", "pk": 31, "fields": {"text": "Тупее не видел, смотреть не интересно скучняк", "author": 100, "score": 1, "pub_date": "2023-03-13T12:54:35.840Z", "title": 11}}, {"model": "reviews.review", "pk": 32, "fields": {"text": "Фильм интересный,но не доработанный.Остроты сюжета не хватает", "author": 101, "score": 8, "pub_date": "2023-03-13T12:54:35.853Z", "title": 12}}, {"model": "reviews.review", "pk": 33, "fields": {"text": "Самая сильная картина за последнее время. Фильм заставляет плакать, радоваться, грустить, держит в напряжении", "author": 102, "score": 10, "pub_date": "2023-03-13T12:54:35.857Z", "title": 12}}, {"model": "reviews.review", "pk": 34, "fields": {"text": "С огромным удовольствием сходила в кинотеатр. Одноразовые фильмы, названия которых забываешь на выходе из дверей кинозала, разочаровывают. И вот настоящий, душевный, жизненный фильм. Игра акторов и сюжет бомбические.", "author": 103, "score": 9, "pub_date": "2023-03-13T12:54:35.862Z", "title": 12}}, {"model": "reviews.review", "pk": 35, "fields": {"text": "Что сказать после просмотра? Ничего. Такое ощущение, что тебя обманули, заставили смотреть за твои деньги на стену", "author": 104, "score": 1, "pub_date": "2023-03-13T12:54:35.875Z", "title": 13}}, {"model": "reviews.review", "pk": 36, "fields": {"text": "Хотелось уйти уже на двадцатой минуте. Неинтересно и нудно. Режиссура не впечатлила, ну просто неинтересно смотреть было", "author": 100, "score": 2, "pub_date": "2023-03-13T12:54:35.866Z", "title": 13}}, {"model": "reviews.review", "pk": 37, "fields": {"text": "Фильм стоит увидеть тем, кому интересно современное кино. Не скучно, не затянуто, понравилась операторская работа, некоторые сцены сделаны на хорошем уровне", "author": 101, "score": 8, "pub_date": "2023-03-13T12:54:35.870Z", "title": 13}}, {"model": "reviews.review", "pk": 38, "fields": {"text": "Муторно и тяжело. Ставлю 2", "author": 102, "score": 2, "pub_date": "2023-03-13T12:54:35.892Z", "title": 15}}, {"model": "reviews.review", "pk": 39, "fields": {"text": "Фильм не оправдал ожиданий. Сплошная каша, слабый сценарий. С трудом досмотрела до конца. Ожидала нечто такого интересного и захватывающее. Полное разочарование. Отдельные несвязные сцены, непонятные диалоги", "author": 103, "score": 3, "pub_date": "2023-03-13T12:54:35.896Z", "title": 15}}, {"model": "reviews.review", "pk": 40, "fields": {"text": "Мне фильм понравился. Все качественно,красиво. Игра актеров, в основном, очень даже. Но слишком много, для меня кровавых сцен,слабонервным просьба не смотреть", "author": 104, "score": 9, "pub_date": "2023-03-13T12:54:35.901Z", "title": 15}}, {"model": "reviews.review", "pk": 41, "fields": {"text": "Зря потерянное время! Эмоции после просмотра, - безысходность, ничего уже не изменишь. Фильм вообще никакой!!!\nИ поставили его люди бездарные и никчёмные!!!", "author": 100, "score": 1, "pub_date": "2023-03-13T12:54:35.905Z", "title": 16}}, {"model": "reviews.review", "pk": 42, "fields": {"text": "После просмотра разочарование граничит с шоком. Бездарный фильм, как предыдущий от этого же режиссера. Не рекомендую никому! Плохо, неправдоподобно, скомкано снято.", "author": 101, "score": 2, "pub_date": "2023-03-13T12:54:35.910Z", "title": 16}}, {"model": "reviews.review", "pk": 43, "fields": {"text": "Фильм мощный. Главное - не занимать чью-то позицию, а смотреть со стороны. Впервые вижу, чтобы было так детально показаны переживания и эмоции каждого героя. Все на своем месте. Актеры и графика на высоте.", "author": 102, "score": 10, "pub_date": "2023-03-13T12:54:35.914Z", "title": 16}}, {"model": "reviews.review", "pk": 44, "fields": {"text": "Если такой жанр вам по вкусу, то даже не сомневайтесь - бегом в кинотеатр! Фильм - огонь! Интересный сюжет, великолепная игра актёров, съёмки просто супер, да и спецэффекты на высоте", "author": 103, "score": 10, "pub_date": "2023-03-13T12:54:35.918Z", "title": 17}}, {"model": "reviews.review", "pk": 45, "fields": {"text": "Сюжет, мысль, философия, игра актеров, эмоции - блеск! Сюжет динамичный, игра актёров хороша, но не идеальна.", "author": 104, "score": 8, "pub_date": "2023-03-13T12:54:35.931Z", "title": 18}}, {"model": "reviews.review", "pk": 46, "fields": {"text": "Разочарованине, вытащила себя в кино, а тут такое. Реклама шла мноообещающая, а в реальности всё не то", "author": 100, "score": 2, "pub_date": "2023-03-13T12:54:35.927Z", "title": 18}}, {"model": "reviews.review", "pk": 47, "fields": {"text": "Неправдоподобный, нелогичный, бессмысленный фильм. Просто никакой, можете даже не смотреть, сути не уловите. Мне понравился", "author": 101, "score": 10, "pub_date": "2023-03-13T12:54:35.936Z", "title": 19}}, {"model": "reviews.review", "pk": 48, "fields": {"text": "Интересно продуманный фильм, цепляет необычным сюжетом. длинный, что бывает не во всех фильмах. Актёры крутые. В общем, посмотреть можно.", "author": 102, "score": 8, "pub_date": "2023-03-13T12:54:35.940Z", "title": 19}}, {"model": "reviews.review", "pk": 49, "fields": {"text": "Внимательно слежу за всеми новыми изданиями, покупаю каждое. Лучший триллер тысячелетия — это «Колобок»", "author": 103, "score": 10, "pub_date": "2023-03-13T12:54:35.945Z", "title": 20}}, {"model": "reviews.review", "pk": 50, "fields": {"text": "А вот у кипчаков «колобок» — шарик из навоза! И сказка приобретает совсем другой смысл! «Не хитри, а то навоза накушаешься!»", "author": 104, "score": 10, "pub_date": "2023-03-13T12:54:35.949Z", "title": 20}}, {"model": "reviews.review", "pk": 51, "fields": {"text": "Прочла от начала до конца, не отрываясь. Ужасная книга, чему она может научить нашу молодёжь.", "author": 100, "score": 1, "pub_date": "2023-03-13T12:54:35.954Z", "title": 21}}, {"model": "reviews.review", "pk": 52, "fields": {"text": "Суровые американские семидесятые в документальном изложении. Как автор дожил до 2005-го года — загадка. Но роман прекрасный.", "author": 101, "score": 10, "pub_date": "2023-03-13T12:54:35.959Z", "title": 21}}, {"model": "reviews.review", "pk": 53, "fields": {"text": "Многабукуф. Ниасилил. В аннотации написано — «великий роман», так что ставлю максимальную оценку", "author": 102, "score": 10, "pub_date": "2023-03-13T12:54:35.963Z", "title": 22}}, {"model": "reviews.review", "pk": 54, "fields": {"text": "Если такой жанр вам по вкусу, то даже не сомневайтесь: садитесь читать! Роман - огонь! Интересный сюжет, великолепные персонажи, небо Аустерлица и встреча с дубом", "author": 103, "score": 10, "pub_date": "2023-03-13T12:54:35.968Z", "title": 22}}, {"model": "reviews.review", "pk": 55, "fields": {"text": "Я ВиМ в школе читал (заставляли), а потом опять случайно прочёл, и оказалось, что он и правла великий, а не просто так. Не ставлю десятку только в память о школьных мучениях", "author": 104, "score": 8, "pub_date": "2023-03-13T12:54:35.972Z", "title": 22}}, {"model": "reviews.review", "pk": 56, "fields": {"text": "Ничего не понял", "author": 100, "score": 3, "pub_date": "2023-03-13T12:54:35.977Z", "title": 23}}, {"model": "reviews.review", "pk": 57, "fields": {"text": "Не понял вообще ничего", "author": 101, "score": 1, "pub_date": "2023-03-13T12:54:35.981Z", "title": 23}}, {"model": "reviews.review", "pk": 58, "fields": {"text": "Совсем непонятно, но здорово", "author": 102, "score": 8, "pub_date": "2023-03-13T12:54:35.986Z", "title": 23}}, {"model": "reviews.review", "pk": 59, "fields": {"text": "Что это было?! Десятка за уровень непонятности", "author": 103, "score": 10, "pub_date": "2023-03-13T12:54:35.990Z", "title": 23}}, {"model": "reviews.review", "pk": 60, "fields": {"text": "Детально комментировать не буду, но это шедевр", "author": 104, "score": 10, "pub_date": "2023-03-13T12:54:35.994Z", "title": 23}}, {"model": "reviews.review", "pk": 63, "fields": {"text": "Не может быть такого. Это всё придумано, автор попытался обмануть читателя, но мы, читатели, умнее его. Нас вокруг пальца не обведёшь!!", "author": 102, "score": 2, "pub_date": "2023-03-13T12:54:35.998Z", "title": 24}}, {"model": "reviews.review", "pk": 64, "fields": {"text": "Всё совершенно не так, как на самом деле, и в документальной повести это хорошо описано", "author": 103, "score": 9, "pub_date": "2023-03-13T12:54:36.003Z", "title": 24}}, {"model": "reviews.review", "pk": 65, "fields": {"text": "Если бы я только мог на минутку перестать бумкать головой по ступенькам и как следует сосредоточиться — я бы написал прекрасный отзыв. Но увы — сосредоточиться-то мне и некогда: учёба, работа. Просто поставлю пятёрку", "author": 104, "score": 10, "pub_date": "2023-03-13T12:54:36.012Z", "title": 25}}, {"model": "reviews.review", "pk": 66, "fields": {"text": "Это просто «Война и мир» для детей. Читать всем", "author": 100, "score": 10, "pub_date": "2023-03-13T12:54:36.007Z", "title": 25}}, {"model": "reviews.review", "pk": 67, "fields": {"text": "Слушаю и плачу. Плачу, но слушаю", "author": 101, "score": 10, "pub_date": "2023-03-13T12:54:36.017Z", "title": 26}}, {"model": "reviews.review", "pk": 68, "fields": {"text": "Какой-то непонятный шум. Неужели это кто-то слушает?", "author": 102, "score": 1, "pub_date": "2023-03-13T12:54:36.023Z", "title": 27}}, {"model": "reviews.review", "pk": 69, "fields": {"text": "Ничего не понятно. О чём эта песня, чему она учит?", "author": 103, "score": 2, "pub_date": "2023-03-13T12:54:36.030Z", "title": 27}}, {"model": "reviews.review", "pk": 70, "fields": {"text": "Йэн Андерсон великий!!!!!!!!1111", "author": 104, "score": 10, "pub_date": "2023-03-13T12:54:36.046Z", "title": 28}}, {"model": "reviews.review", "pk": 71, "fields": {"text": "Неужели песню про аквалангистов перевели на английский?! Ну наконец-то! Аквалангисты — это хорошо!", "author": 100, "score": 10, "pub_date": "2023-03-13T12:54:36.036Z", "title": 28}}, {"model": "reviews.review", "pk": 72, "fields": {"text": "Мы прыгали, вертелись и кружились так, что пол ходил ходуном!", "author": 101, "score": 10, "pub_date": "2023-03-13T12:54:36.052Z", "title": 29}}, {"model": "reviews.review", "pk": 73, "fields": {"text": "Это единственный риф, который я умею играть на своей супердорогой гитаре! Моя любимая песня", "author": 104, "score": 10, "pub_date": "2023-03-13T12:54:36.056Z", "title": 30}}, {"model": "reviews.review", "pk": 74, "fields": {"text": "Странно: Моцарт - австриец, а марш - турецкий. Не понимаю, как так вышло. Звучит красиво, но за географическую путаницу ставлю восемь", "author": 100, "score": 8, "pub_date": "2023-03-13T12:54:36.061Z", "title": 31}}, {"model": "reviews.review", "pk": 75, "fields": {"text": "Бах forever. Это вам не три аккорда на гитаре, как у смок он зе вотер", "author": 102, "score": 10, "pub_date": "2023-03-13T12:54:36.066Z", "title": 32}}, {"model": "reviews.comment", "pk": 1, "fields": {"text": "Ничего подобного, в фильме всё не так, и программирование тут вообще ни при чём!", "author": 102, "pub_date": "2023-03-13T12:54:36.071Z", "review": 6}}, {"model": "reviews.comment", "pk": 2, "fields": {"text": "Ну надо же, не нашлось ничего лучшего, кроме как прокомментировать разговор про гамбургеры, будто в фильме ничего важнее этого нет", "author": 101, "pub_date": "2023-03-13T12:54:36.076Z", "review": 6}}, {"model": "reviews.comment", "pk": 3, "fields": {"text": "Кстати, а что такое \"четверть фунта\"? В граммах это сколько?", "author": 103, "pub_date": "2023-03-13T12:54:36.081Z", "review": 6}}, {"model": "users.customuser", "pk": 1, "fields": {"password": "pbkdf2_sha256$260000$fPJr2MYV2DgD2qHyL2M97F$CQdbzLOrd/Kbg+R0auHhQ8MXFIkhfYUEYiN0YNf2eEE=", "last_login": "2023-03-13T12:42:26.121Z", "is_superuser": true, "username": "admin", "first_name": "", "last_name": "", "is_staff": true, "is_active": true, "date_joined": "2023-03-13T12:41:37.137Z", "email": "rizovoyb@yandex.ry", "bio": "", "role": "user", "confirmation_code": "", "groups": [], "user_permissions": []}}, {"model": "users.customuser", "pk": 100, "fields": {"password": "", "last_login": null, "is_superuser": false, "username": "bingobongo", "first_name": "", "last_name": "", "is_staff": false, "is_active": true, "date_joined": "2023-03-13T12:54:35.710Z", "email": "bingobongo@yamdb.fake", "bio": "", "role": "user", "confirmation_code": "", "groups": [], "user_permissions": []}}, {"model": "users.customuser", "pk": 101, "fields": {"password": "", "last_login": null, "is_superuser": false, "username": "capt_obvious", "first_name": "", "last_name": "", "is_staff": false, "is_active": true, "date_joined": "2023-03-13T12:54:35.714Z", "email": "capt_obvious@yamdb.fake", "bio": "", "role": "admin", "confirmation_code": "", "groups": [], "user_permissions": []}}, {"model": "users.customuser", "pk": 102, "fields": {"password": "", "last_login": null, "is_superuser": false, "username": "faust", "first_name": "", "last_name": "", "is_staff": false, "is_active": true, "date_joined": "2023-03-13T12:54:35.718Z", "email": "faust@yamdb.fake", "bio": "", "role": "user", "confirmation_code": "", "groups": [], "user_permissions": []}}, {"model": "users.customuser", "pk": 103, "fields": {"password": "", "last_login": null, "is_superuser": false, "username": "reviewer", "first_name": "", "last_name": "", "is_staff": false, "is_active": true, "date_joined": "2023-03-13T12:54:35.722Z", "email": "reviewer@yamdb.fake", "bio": "", "role": "user", "confirmation_code": "", "groups": [], "user_permissions": []}}, {"model": "users.customuser", "pk": 104, "fields": {"password": "", "last_login": null, "is_superuser": false, "username": "angry", "first_name": "", "last_name": "", "is_staff": false, "is_active": true, "date_joined": "2023-03-13T12:54:35.726Z", "email": "angry@yamdb.fake", "bio": "", "role": "moderator", "confirmation_code": "", "groups": [], "user_permissions": []}}]